"0","reported_heights$height"
"1","   [1]"
"1"," ""75""                    "
"1"," ""70""                    "
"1"," ""68""                    "
"1","
"
"1","   [4]"
"1"," ""74""                    "
"1"," ""61""                    "
"1"," ""65""                    "
"1","
"
"1","   [7]"
"1"," ""66""                    "
"1"," ""62""                    "
"1"," ""66""                    "
"1","
"
"1","  [10]"
"1"," ""67""                    "
"1"," ""72""                    "
"1"," ""6""                     "
"1","
"
"1","  [13]"
"1"," ""69""                    "
"1"," ""68""                    "
"1"," ""69""                    "
"1","
"
"1","  [16]"
"1"," ""66""                    "
"1"," ""75""                    "
"1"," ""64""                    "
"1","
"
"1","  [19]"
"1"," ""60""                    "
"1"," ""67""                    "
"1"," ""66""                    "
"1","
"
"1","  [22]"
"1"," ""5' 4\""""                "
"1"," ""70""                    "
"1"," ""73""                    "
"1","
"
"1","  [25]"
"1"," ""72""                    "
"1"," ""69""                    "
"1"," ""69""                    "
"1","
"
"1","  [28]"
"1"," ""72""                    "
"1"," ""64""                    "
"1"," ""72""                    "
"1","
"
"1","  [31]"
"1"," ""75""                    "
"1"," ""71""                    "
"1"," ""67""                    "
"1","
"
"1","  [34]"
"1"," ""66""                    "
"1"," ""67""                    "
"1"," ""69""                    "
"1","
"
"1","  [37]"
"1"," ""68""                    "
"1"," ""66.75""                 "
"1"," ""72""                    "
"1","
"
"1","  [40]"
"1"," ""5.3""                   "
"1"," ""69""                    "
"1"," ""68""                    "
"1","
"
"1","  [43]"
"1"," ""63""                    "
"1"," ""60""                    "
"1"," ""73""                    "
"1","
"
"1","  [46]"
"1"," ""74""                    "
"1"," ""74""                    "
"1"," ""66""                    "
"1","
"
"1","  [49]"
"1"," ""68""                    "
"1"," ""73""                    "
"1"," ""70""                    "
"1","
"
"1","  [52]"
"1"," ""68""                    "
"1"," ""73""                    "
"1"," ""70.5""                  "
"1","
"
"1","  [55]"
"1"," ""165cm""                 "
"1"," ""71""                    "
"1"," ""70""                    "
"1","
"
"1","  [58]"
"1"," ""67""                    "
"1"," ""69""                    "
"1"," ""67""                    "
"1","
"
"1","  [61]"
"1"," ""69""                    "
"1"," ""73""                    "
"1"," ""74""                    "
"1","
"
"1","  [64]"
"1"," ""70""                    "
"1"," ""66""                    "
"1"," ""511""                   "
"1","
"
"1","  [67]"
"1"," ""72""                    "
"1"," ""65""                    "
"1"," ""65""                    "
"1","
"
"1","  [70]"
"1"," ""70""                    "
"1"," ""73""                    "
"1"," ""67""                    "
"1","
"
"1","  [73]"
"1"," ""72""                    "
"1"," ""68""                    "
"1"," ""68""                    "
"1","
"
"1","  [76]"
"1"," ""65""                    "
"1"," ""72""                    "
"1"," ""71""                    "
"1","
"
"1","  [79]"
"1"," ""65""                    "
"1"," ""72""                    "
"1"," ""69""                    "
"1","
"
"1","  [82]"
"1"," ""70""                    "
"1"," ""72""                    "
"1"," ""6""                     "
"1","
"
"1","  [85]"
"1"," ""62""                    "
"1"," ""65""                    "
"1"," ""70""                    "
"1","
"
"1","  [88]"
"1"," ""60""                    "
"1"," ""67""                    "
"1"," ""62""                    "
"1","
"
"1","  [91]"
"1"," ""71""                    "
"1"," ""63""                    "
"1"," ""68""                    "
"1","
"
"1","  [94]"
"1"," ""64.1732""               "
"1"," ""64""                    "
"1"," ""71""                    "
"1","
"
"1","  [97]"
"1"," ""68.5""                  "
"1"," ""62""                    "
"1"," ""2""                     "
"1","
"
"1"," [100]"
"1"," ""70""                    "
"1"," ""72""                    "
"1"," ""71""                    "
"1","
"
"1"," [103]"
"1"," ""71""                    "
"1"," ""69.6""                  "
"1"," ""65""                    "
"1","
"
"1"," [106]"
"1"," ""70""                    "
"1"," ""61""                    "
"1"," ""63""                    "
"1","
"
"1"," [109]"
"1"," ""70""                    "
"1"," ""5'7""                   "
"1"," ""62""                    "
"1","
"
"1"," [112]"
"1"," ""68""                    "
"1"," ""73""                    "
"1"," ""66.5""                  "
"1","
"
"1"," [115]"
"1"," ""69""                    "
"1"," ""74""                    "
"1"," ""71.5""                  "
"1","
"
"1"," [118]"
"1"," ""76""                    "
"1"," ""69""                    "
"1"," ""74""                    "
"1","
"
"1"," [121]"
"1"," ""74.5""                  "
"1"," ""69""                    "
"1"," ""66""                    "
"1","
"
"1"," [124]"
"1"," ""64""                    "
"1"," ""78""                    "
"1"," "">9000""                 "
"1","
"
"1"," [127]"
"1"," ""5'7\""""                 "
"1"," ""69""                    "
"1"," ""67""                    "
"1","
"
"1"," [130]"
"1"," ""63""                    "
"1"," ""74""                    "
"1"," ""62""                    "
"1","
"
"1"," [133]"
"1"," ""69""                    "
"1"," ""64""                    "
"1"," ""71""                    "
"1","
"
"1"," [136]"
"1"," ""62.5""                  "
"1"," ""68""                    "
"1"," ""67""                    "
"1","
"
"1"," [139]"
"1"," ""71""                    "
"1"," ""74""                    "
"1"," ""75""                    "
"1","
"
"1"," [142]"
"1"," ""65""                    "
"1"," ""68""                    "
"1"," ""65""                    "
"1","
"
"1"," [145]"
"1"," ""66""                    "
"1"," ""72""                    "
"1"," ""73""                    "
"1","
"
"1"," [148]"
"1"," ""71""                    "
"1"," ""74""                    "
"1"," ""5'3\""""                 "
"1","
"
"1"," [151]"
"1"," ""73""                    "
"1"," ""68""                    "
"1"," ""77""                    "
"1","
"
"1"," [154]"
"1"," ""70.5""                  "
"1"," ""63""                    "
"1"," ""69""                    "
"1","
"
"1"," [157]"
"1"," ""69""                    "
"1"," ""68.89""                 "
"1"," ""66.5""                  "
"1","
"
"1"," [160]"
"1"," ""64.173""                "
"1"," ""63""                    "
"1"," ""65""                    "
"1","
"
"1"," [163]"
"1"," ""64""                    "
"1"," ""63""                    "
"1"," ""63""                    "
"1","
"
"1"," [166]"
"1"," ""69""                    "
"1"," ""69""                    "
"1"," ""64""                    "
"1","
"
"1"," [169]"
"1"," ""62""                    "
"1"," ""70""                    "
"1"," ""70""                    "
"1","
"
"1"," [172]"
"1"," ""59""                    "
"1"," ""65""                    "
"1"," ""67.7""                  "
"1","
"
"1"," [175]"
"1"," ""72""                    "
"1"," ""74""                    "
"1"," ""71.7""                  "
"1","
"
"1"," [178]"
"1"," ""70.87""                 "
"1"," ""66""                    "
"1"," ""72""                    "
"1","
"
"1"," [181]"
"1"," ""74""                    "
"1"," ""69""                    "
"1"," ""71""                    "
"1","
"
"1"," [184]"
"1"," ""70""                    "
"1"," ""70""                    "
"1"," ""64""                    "
"1","
"
"1"," [187]"
"1"," ""5 feet and 8.11 inches"""
"1"," ""68""                    "
"1"," ""66""                    "
"1","
"
"1"," [190]"
"1"," ""64""                    "
"1"," ""67""                    "
"1"," ""65""                    "
"1","
"
"1"," [193]"
"1"," ""72""                    "
"1"," ""5.25""                  "
"1"," ""70""                    "
"1","
"
"1"," [196]"
"1"," ""64.57""                 "
"1"," ""51""                    "
"1"," ""63""                    "
"1","
"
"1"," [199]"
"1"," ""70""                    "
"1"," ""68""                    "
"1"," ""67""                    "
"1","
"
"1"," [202]"
"1"," ""5'11""                  "
"1"," ""69""                    "
"1"," ""63""                    "
"1","
"
"1"," [205]"
"1"," ""71""                    "
"1"," ""70""                    "
"1"," ""64""                    "
"1","
"
"1"," [208]"
"1"," ""70""                    "
"1"," ""68""                    "
"1"," ""66""                    "
"1","
"
"1"," [211]"
"1"," ""69""                    "
"1"," ""67""                    "
"1"," ""65""                    "
"1","
"
"1"," [214]"
"1"," ""72""                    "
"1"," ""72""                    "
"1"," ""70""                    "
"1","
"
"1"," [217]"
"1"," ""75""                    "
"1"," ""64""                    "
"1"," ""66""                    "
"1","
"
"1"," [220]"
"1"," ""68""                    "
"1"," ""69""                    "
"1"," ""73""                    "
"1","
"
"1"," [223]"
"1"," ""66""                    "
"1"," ""71""                    "
"1"," ""67""                    "
"1","
"
"1"," [226]"
"1"," ""70""                    "
"1"," ""67""                    "
"1"," ""61""                    "
"1","
"
"1"," [229]"
"1"," ""64""                    "
"1"," ""64""                    "
"1"," ""5.5""                   "
"1","
"
"1"," [232]"
"1"," ""72""                    "
"1"," ""70""                    "
"1"," ""65""                    "
"1","
"
"1"," [235]"
"1"," ""11111""                 "
"1"," ""5'9''""                 "
"1"," ""68""                    "
"1","
"
"1"," [238]"
"1"," ""67""                    "
"1"," ""59""                    "
"1"," ""59""                    "
"1","
"
"1"," [241]"
"1"," ""6""                     "
"1"," ""6.5""                   "
"1"," ""72""                    "
"1","
"
"1"," [244]"
"1"," ""150""                   "
"1"," ""5'10''""                "
"1"," ""69""                    "
"1","
"
"1"," [247]"
"1"," ""72""                    "
"1"," ""69""                    "
"1"," ""68.11""                 "
"1","
"
"1"," [250]"
"1"," ""68.11""                 "
"1"," ""68""                    "
"1"," ""103.2""                 "
"1","
"
"1"," [253]"
"1"," ""65""                    "
"1"," ""67""                    "
"1"," ""67""                    "
"1","
"
"1"," [256]"
"1"," ""68""                    "
"1"," ""69""                    "
"1"," ""80""                    "
"1","
"
"1"," [259]"
"1"," ""5.8""                   "
"1"," ""68""                    "
"1"," ""19""                    "
"1","
"
"1"," [262]"
"1"," ""5""                     "
"1"," ""70""                    "
"1"," ""60""                    "
"1","
"
"1"," [265]"
"1"," ""60""                    "
"1"," ""64.96""                 "
"1"," ""5.6""                   "
"1","
"
"1"," [268]"
"1"," ""175""                   "
"1"," ""177""                   "
"1"," ""300""                   "
"1","
"
"1"," [271]"
"1"," ""68""                    "
"1"," ""70""                    "
"1"," ""66""                    "
"1","
"
"1"," [274]"
"1"," ""66""                    "
"1"," ""5,3""                   "
"1"," ""72""                    "
"1","
"
"1"," [277]"
"1"," ""68""                    "
"1"," ""6'""                    "
"1"," ""72.05""                 "
"1","
"
"1"," [280]"
"1"," ""71""                    "
"1"," ""72.5""                  "
"1"," ""70""                    "
"1","
"
"1"," [283]"
"1"," ""72""                    "
"1"," ""6""                     "
"1"," ""68""                    "
"1","
"
"1"," [286]"
"1"," ""70""                    "
"1"," ""5.9""                   "
"1"," ""6,8""                   "
"1","
"
"1"," [289]"
"1"," ""68""                    "
"1"," ""66""                    "
"1"," ""5' 10""                 "
"1","
"
"1"," [292]"
"1"," ""5.5""                   "
"1"," ""178""                   "
"1"," ""75""                    "
"1","
"
"1"," [295]"
"1"," ""66""                    "
"1"," ""69""                    "
"1"," ""53""                    "
"1","
"
"1"," [298]"
"1"," ""71""                    "
"1"," ""70""                    "
"1"," ""72""                    "
"1","
"
"1"," [301]"
"1"," ""68.5""                  "
"1"," ""68""                    "
"1"," ""163""                   "
"1","
"
"1"," [304]"
"1"," ""68""                    "
"1"," ""59.0551""               "
"1"," ""66.92""                 "
"1","
"
"1"," [307]"
"1"," ""72""                    "
"1"," ""72""                    "
"1"," ""6.2""                   "
"1","
"
"1"," [310]"
"1"," ""175""                   "
"1"," ""Five foot eight inches"""
"1"," ""70""                    "
"1","
"
"1"," [313]"
"1"," ""69""                    "
"1"," ""61""                    "
"1"," ""6.2""                   "
"1","
"
"1"," [316]"
"1"," ""65""                    "
"1"," ""72""                    "
"1"," ""66""                    "
"1","
"
"1"," [319]"
"1"," ""5.8""                   "
"1"," ""5.1""                   "
"1"," ""70""                    "
"1","
"
"1"," [322]"
"1"," ""65""                    "
"1"," ""68""                    "
"1"," ""178""                   "
"1","
"
"1"," [325]"
"1"," ""70""                    "
"1"," ""71""                    "
"1"," ""74""                    "
"1","
"
"1"," [328]"
"1"," ""165""                   "
"1"," ""71""                    "
"1"," ""74""                    "
"1","
"
"1"," [331]"
"1"," ""64""                    "
"1"," ""5.11""                  "
"1"," ""66""                    "
"1","
"
"1"," [334]"
"1"," ""5'5\""""                 "
"1"," ""165""                   "
"1"," ""74""                    "
"1","
"
"1"," [337]"
"1"," ""75""                    "
"1"," ""180""                   "
"1"," ""68""                    "
"1","
"
"1"," [340]"
"1"," ""5'2\""""                 "
"1"," ""74.8""                  "
"1"," ""69""                    "
"1","
"
"1"," [343]"
"1"," ""68.4""                  "
"1"," ""5.75""                  "
"1"," ""67""                    "
"1","
"
"1"," [346]"
"1"," ""65""                    "
"1"," ""68""                    "
"1"," ""67""                    "
"1","
"
"1"," [349]"
"1"," ""69.3""                  "
"1"," ""169""                   "
"1"," ""67""                    "
"1","
"
"1"," [352]"
"1"," ""67""                    "
"1"," ""73""                    "
"1"," ""75""                    "
"1","
"
"1"," [355]"
"1"," ""70""                    "
"1"," ""71""                    "
"1"," ""5,4""                   "
"1","
"
"1"," [358]"
"1"," ""72""                    "
"1"," ""70""                    "
"1"," ""72""                    "
"1","
"
"1"," [361]"
"1"," ""71.5""                  "
"1"," ""72""                    "
"1"," ""7""                     "
"1","
"
"1"," [364]"
"1"," ""68.8976""               "
"1"," ""68""                    "
"1"," ""5.4""                   "
"1","
"
"1"," [367]"
"1"," ""69""                    "
"1"," ""70""                    "
"1"," ""75""                    "
"1","
"
"1"," [370]"
"1"," ""67""                    "
"1"," ""157""                   "
"1"," ""6.1""                   "
"1","
"
"1"," [373]"
"1"," ""169""                   "
"1"," ""5'3""                   "
"1"," ""5.6""                   "
"1","
"
"1"," [376]"
"1"," ""214""                   "
"1"," ""183""                   "
"1"," ""67.72""                 "
"1","
"
"1"," [379]"
"1"," ""65""                    "
"1"," ""69""                    "
"1"," ""71""                    "
"1","
"
"1"," [382]"
"1"," ""5.6""                   "
"1"," ""72""                    "
"1"," ""72.4""                  "
"1","
"
"1"," [385]"
"1"," ""69""                    "
"1"," ""6""                     "
"1"," ""79.05""                 "
"1","
"
"1"," [388]"
"1"," ""162""                   "
"1"," ""178""                   "
"1"," ""180""                   "
"1","
"
"1"," [391]"
"1"," ""66.4""                  "
"1"," ""72""                    "
"1"," ""5'10''""                "
"1","
"
"1"," [394]"
"1"," ""66""                    "
"1"," ""69.29""                 "
"1"," ""170""                   "
"1","
"
"1"," [397]"
"1"," ""5'3''""                 "
"1"," ""66.1416""               "
"1"," ""78""                    "
"1","
"
"1"," [400]"
"1"," ""75""                    "
"1"," ""178""                   "
"1"," ""70""                    "
"1","
"
"1"," [403]"
"1"," ""66""                    "
"1"," ""65""                    "
"1"," ""71""                    "
"1","
"
"1"," [406]"
"1"," ""0.7""                   "
"1"," ""68.5""                  "
"1"," ""65""                    "
"1","
"
"1"," [409]"
"1"," ""69""                    "
"1"," ""190""                   "
"1"," ""70""                    "
"1","
"
"1"," [412]"
"1"," ""66""                    "
"1"," ""66""                    "
"1"," ""63""                    "
"1","
"
"1"," [415]"
"1"," ""71""                    "
"1"," ""5.4""                   "
"1"," ""70""                    "
"1","
"
"1"," [418]"
"1"," ""72""                    "
"1"," ""184""                   "
"1"," ""5'7''""                 "
"1","
"
"1"," [421]"
"1"," ""68.5""                  "
"1"," ""68""                    "
"1"," ""5.9""                   "
"1","
"
"1"," [424]"
"1"," ""70""                    "
"1"," ""68.5""                  "
"1"," ""5'12""                  "
"1","
"
"1"," [427]"
"1"," ""53.77""                 "
"1"," ""66.92""                 "
"1"," ""73""                    "
"1","
"
"1"," [430]"
"1"," ""68""                    "
"1"," ""72""                    "
"1"," ""70""                    "
"1","
"
"1"," [433]"
"1"," ""5.6""                   "
"1"," ""71.5""                  "
"1"," ""5.6""                   "
"1","
"
"1"," [436]"
"1"," ""184""                   "
"1"," ""72""                    "
"1"," ""67""                    "
"1","
"
"1"," [439]"
"1"," ""6""                     "
"1"," ""167""                   "
"1"," ""72""                    "
"1","
"
"1"," [442]"
"1"," ""74""                    "
"1"," ""72""                    "
"1"," ""72""                    "
"1","
"
"1"," [445]"
"1"," ""67.7165""               "
"1"," ""71""                    "
"1"," ""65""                    "
"1","
"
"1"," [448]"
"1"," ""2'33""                  "
"1"," ""72""                    "
"1"," ""68""                    "
"1","
"
"1"," [451]"
"1"," ""5'11""                  "
"1"," ""69""                    "
"1"," ""5'3\""""                 "
"1","
"
"1"," [454]"
"1"," ""71""                    "
"1"," ""5.5""                   "
"1"," ""5.2""                   "
"1","
"
"1"," [457]"
"1"," ""67""                    "
"1"," ""180""                   "
"1"," ""54""                    "
"1","
"
"1"," [460]"
"1"," ""5.5""                   "
"1"," ""5.5""                   "
"1"," ""6.5""                   "
"1","
"
"1"," [463]"
"1"," ""67""                    "
"1"," ""68.1102""               "
"1"," ""69""                    "
"1","
"
"1"," [466]"
"1"," ""5,8""                   "
"1"," ""62""                    "
"1"," ""72""                    "
"1","
"
"1"," [469]"
"1"," ""70""                    "
"1"," ""71""                    "
"1"," ""64.961""                "
"1","
"
"1"," [472]"
"1"," ""64""                    "
"1"," ""67""                    "
"1"," ""180""                   "
"1","
"
"1"," [475]"
"1"," ""66""                    "
"1"," ""183""                   "
"1"," ""170""                   "
"1","
"
"1"," [478]"
"1"," ""5'6''""                 "
"1"," ""66""                    "
"1"," ""70""                    "
"1","
"
"1"," [481]"
"1"," ""66""                    "
"1"," ""64""                    "
"1"," ""72""                    "
"1","
"
"1"," [484]"
"1"," ""70""                    "
"1"," ""172""                   "
"1"," ""75""                    "
"1","
"
"1"," [487]"
"1"," ""72""                    "
"1"," ""72""                    "
"1"," ""612""                   "
"1","
"
"1"," [490]"
"1"," ""68.5""                  "
"1"," ""66""                    "
"1"," ""5.11""                  "
"1","
"
"1"," [493]"
"1"," ""71""                    "
"1"," ""168""                   "
"1"," ""72""                    "
"1","
"
"1"," [496]"
"1"," ""5'4""                   "
"1"," ""70""                    "
"1"," ""67""                    "
"1","
"
"1"," [499]"
"1"," ""70""                    "
"1"," ""70""                    "
"1"," ""72""                    "
"1","
"
"1"," [502]"
"1"," ""63""                    "
"1"," ""65""                    "
"1"," ""63""                    "
"1","
"
"1"," [505]"
"1"," ""1,70""                  "
"1"," ""70""                    "
"1"," ""70.8""                  "
"1","
"
"1"," [508]"
"1"," ""172""                   "
"1"," ""87""                    "
"1"," ""68""                    "
"1","
"
"1"," [511]"
"1"," ""66""                    "
"1"," ""77.1654""               "
"1"," ""5.5""                   "
"1","
"
"1"," [514]"
"1"," ""176""                   "
"1"," ""5'7.5''""               "
"1"," ""5'7.5''""               "
"1","
"
"1"," [517]"
"1"," ""68""                    "
"1"," ""66""                    "
"1"," ""74""                    "
"1","
"
"1"," [520]"
"1"," ""72""                    "
"1"," ""72.83""                 "
"1"," ""77""                    "
"1","
"
"1"," [523]"
"1"," ""111""                   "
"1"," ""67""                    "
"1"," ""70""                    "
"1","
"
"1"," [526]"
"1"," ""64""                    "
"1"," ""65""                    "
"1"," ""73""                    "
"1","
"
"1"," [529]"
"1"," ""5'2\""""                 "
"1"," ""66.7""                  "
"1"," ""69""                    "
"1","
"
"1"," [532]"
"1"," ""67""                    "
"1"," ""173""                   "
"1"," ""69""                    "
"1","
"
"1"," [535]"
"1"," ""174""                   "
"1"," ""176""                   "
"1"," ""175""                   "
"1","
"
"1"," [538]"
"1"," ""71""                    "
"1"," ""64""                    "
"1"," ""67""                    "
"1","
"
"1"," [541]"
"1"," ""70""                    "
"1"," ""68""                    "
"1"," ""5' 7.78\""""             "
"1","
"
"1"," [544]"
"1"," ""68.5""                  "
"1"," ""68""                    "
"1"," ""67.71""                 "
"1","
"
"1"," [547]"
"1"," ""66.5""                  "
"1"," ""69""                    "
"1"," ""6.7""                   "
"1","
"
"1"," [550]"
"1"," ""64""                    "
"1"," ""60""                    "
"1"," ""12""                    "
"1","
"
"1"," [553]"
"1"," ""6""                     "
"1"," ""5.1""                   "
"1"," ""74""                    "
"1","
"
"1"," [556]"
"1"," ""5.6""                   "
"1"," ""5.5""                   "
"1"," ""67""                    "
"1","
"
"1"," [559]"
"1"," ""68.8""                  "
"1"," ""69""                    "
"1"," ""78""                    "
"1","
"
"1"," [562]"
"1"," ""70""                    "
"1"," ""66""                    "
"1"," ""66""                    "
"1","
"
"1"," [565]"
"1"," ""74""                    "
"1"," ""71""                    "
"1"," ""yyy""                   "
"1","
"
"1"," [568]"
"1"," ""73""                    "
"1"," ""67""                    "
"1"," ""72""                    "
"1","
"
"1"," [571]"
"1"," ""70""                    "
"1"," ""70.1""                  "
"1"," ""5.2""                   "
"1","
"
"1"," [574]"
"1"," ""69""                    "
"1"," ""5'5""                   "
"1"," ""5'8""                   "
"1","
"
"1"," [577]"
"1"," ""72""                    "
"1"," ""72""                    "
"1"," ""72""                    "
"1","
"
"1"," [580]"
"1"," ""63""                    "
"1"," ""5'6""                   "
"1"," ""67""                    "
"1","
"
"1"," [583]"
"1"," ""73.2""                  "
"1"," ""64""                    "
"1"," ""74""                    "
"1","
"
"1"," [586]"
"1"," ""73.62""                 "
"1"," ""72""                    "
"1"," ""68.4""                  "
"1","
"
"1"," [589]"
"1"," ""69""                    "
"1"," ""61""                    "
"1"," ""5 feet 7inches""        "
"1","
"
"1"," [592]"
"1"," ""89""                    "
"1"," ""69""                    "
"1"," ""5.6""                   "
"1","
"
"1"," [595]"
"1"," ""68""                    "
"1"," ""65""                    "
"1"," ""68.9""                  "
"1","
"
"1"," [598]"
"1"," ""67.71""                 "
"1"," ""67""                    "
"1"," ""67""                    "
"1","
"
"1"," [601]"
"1"," ""59""                    "
"1"," ""59""                    "
"1"," ""5.7""                   "
"1","
"
"1"," [604]"
"1"," ""183""                   "
"1"," ""71""                    "
"1"," ""172""                   "
"1","
"
"1"," [607]"
"1"," ""68""                    "
"1"," ""66.9""                  "
"1"," ""34""                    "
"1","
"
"1"," [610]"
"1"," ""68.5""                  "
"1"," ""74""                    "
"1"," ""25""                    "
"1","
"
"1"," [613]"
"1"," ""76""                    "
"1"," ""60""                    "
"1"," ""69""                    "
"1","
"
"1"," [616]"
"1"," ""6""                     "
"1"," ""69""                    "
"1"," ""67""                    "
"1","
"
"1"," [619]"
"1"," ""70""                    "
"1"," ""68.5""                  "
"1"," ""70""                    "
"1","
"
"1"," [622]"
"1"," ""67""                    "
"1"," ""70""                    "
"1"," ""69""                    "
"1","
"
"1"," [625]"
"1"," ""65""                    "
"1"," ""68.9""                  "
"1"," ""5.9""                   "
"1","
"
"1"," [628]"
"1"," ""168""                   "
"1"," ""66.9291""               "
"1"," ""70""                    "
"1","
"
"1"," [631]"
"1"," ""6.5""                   "
"1"," ""70.85""                 "
"1"," ""170""                   "
"1","
"
"1"," [634]"
"1"," ""175""                   "
"1"," ""64""                    "
"1"," ""69""                    "
"1","
"
"1"," [637]"
"1"," ""67""                    "
"1"," ""72""                    "
"1"," ""6""                     "
"1","
"
"1"," [640]"
"1"," ""22""                    "
"1"," ""67""                    "
"1"," ""72""                    "
"1","
"
"1"," [643]"
"1"," ""72""                    "
"1"," ""72.83""                 "
"1"," ""70""                    "
"1","
"
"1"," [646]"
"1"," ""63""                    "
"1"," ""71""                    "
"1"," ""72""                    "
"1","
"
"1"," [649]"
"1"," ""72""                    "
"1"," ""72.44""                 "
"1"," ""70""                    "
"1","
"
"1"," [652]"
"1"," ""68""                    "
"1"," ""59""                    "
"1"," ""5.11""                  "
"1","
"
"1"," [655]"
"1"," ""684""                   "
"1"," ""61.32""                 "
"1"," ""6""                     "
"1","
"
"1"," [658]"
"1"," ""1""                     "
"1"," ""68""                    "
"1"," ""73""                    "
"1","
"
"1"," [661]"
"1"," ""71""                    "
"1"," ""69""                    "
"1"," ""71""                    "
"1","
"
"1"," [664]"
"1"," ""66.93""                 "
"1"," ""1""                     "
"1"," ""58""                    "
"1","
"
"1"," [667]"
"1"," ""55""                    "
"1"," ""70""                    "
"1"," ""6*12""                  "
"1","
"
"1"," [670]"
"1"," ""66""                    "
"1"," ""65""                    "
"1"," ""72""                    "
"1","
"
"1"," [673]"
"1"," ""74""                    "
"1"," ""5 .11""                 "
"1"," ""69""                    "
"1","
"
"1"," [676]"
"1"," ""87""                    "
"1"," ""162""                   "
"1"," ""71""                    "
"1","
"
"1"," [679]"
"1"," ""72""                    "
"1"," ""68""                    "
"1"," ""69""                    "
"1","
"
"1"," [682]"
"1"," ""70""                    "
"1"," ""73""                    "
"1"," ""165""                   "
"1","
"
"1"," [685]"
"1"," ""184""                   "
"1"," ""73.22""                 "
"1"," ""64""                    "
"1","
"
"1"," [688]"
"1"," ""70""                    "
"1"," ""75""                    "
"1"," ""63""                    "
"1","
"
"1"," [691]"
"1"," ""72.05""                 "
"1"," ""6""                     "
"1"," ""68""                    "
"1","
"
"1"," [694]"
"1"," ""75""                    "
"1"," ""68""                    "
"1"," ""173""                   "
"1","
"
"1"," [697]"
"1"," ""70""                    "
"1"," ""66.1417""               "
"1"," ""74""                    "
"1","
"
"1"," [700]"
"1"," ""1.6""                   "
"1"," ""68""                    "
"1"," ""68""                    "
"1","
"
"1"," [703]"
"1"," ""70""                    "
"1"," ""71""                    "
"1"," ""172""                   "
"1","
"
"1"," [706]"
"1"," ""170""                   "
"1"," ""70""                    "
"1"," ""70.08""                 "
"1","
"
"1"," [709]"
"1"," ""67.2""                  "
"1"," ""69""                    "
"1"," ""70""                    "
"1","
"
"1"," [712]"
"1"," ""69""                    "
"1"," ""72.44""                 "
"1"," ""69""                    "
"1","
"
"1"," [715]"
"1"," ""72.45""                 "
"1"," ""69""                    "
"1"," ""67""                    "
"1","
"
"1"," [718]"
"1"," ""75.98""                 "
"1"," ""71""                    "
"1"," ""67""                    "
"1","
"
"1"," [721]"
"1"," ""71""                    "
"1"," ""5.7""                   "
"1"," ""5.5""                   "
"1","
"
"1"," [724]"
"1"," ""62""                    "
"1"," ""71""                    "
"1"," ""74""                    "
"1","
"
"1"," [727]"
"1"," ""69""                    "
"1"," ""72""                    "
"1"," ""174""                   "
"1","
"
"1"," [730]"
"1"," ""170""                   "
"1"," ""68""                    "
"1"," ""66.9291""               "
"1","
"
"1"," [733]"
"1"," ""63""                    "
"1"," ""160""                   "
"1"," ""120""                   "
"1","
"
"1"," [736]"
"1"," ""120""                   "
"1"," ""23""                    "
"1"," ""70""                    "
"1","
"
"1"," [739]"
"1"," ""192""                   "
"1"," ""68""                    "
"1"," ""69""                    "
"1","
"
"1"," [742]"
"1"," ""5 11""                  "
"1"," ""71""                    "
"1"," ""69.3""                  "
"1","
"
"1"," [745]"
"1"," ""167""                   "
"1"," ""70.866""                "
"1"," ""67""                    "
"1","
"
"1"," [748]"
"1"," ""67.72""                 "
"1"," ""70""                    "
"1"," ""67""                    "
"1","
"
"1"," [751]"
"1"," ""65""                    "
"1"," ""67""                    "
"1"," ""62.4""                  "
"1","
"
"1"," [754]"
"1"," ""71""                    "
"1"," ""150""                   "
"1"," ""72""                    "
"1","
"
"1"," [757]"
"1"," ""68""                    "
"1"," ""75""                    "
"1"," ""72""                    "
"1","
"
"1"," [760]"
"1"," ""66""                    "
"1"," ""71""                    "
"1"," ""76""                    "
"1","
"
"1"," [763]"
"1"," ""69""                    "
"1"," ""69""                    "
"1"," ""1.7""                   "
"1","
"
"1"," [766]"
"1"," ""66""                    "
"1"," ""174""                   "
"1"," ""69.29""                 "
"1","
"
"1"," [769]"
"1"," ""72""                    "
"1"," ""5.8""                   "
"1"," ""64""                    "
"1","
"
"1"," [772]"
"1"," ""66""                    "
"1"," ""70""                    "
"1"," ""67""                    "
"1","
"
"1"," [775]"
"1"," ""75.6""                  "
"1"," ""71.5""                  "
"1"," ""6""                     "
"1","
"
"1"," [778]"
"1"," ""63""                    "
"1"," ""62""                    "
"1"," ""69""                    "
"1","
"
"1"," [781]"
"1"," ""68""                    "
"1"," ""71.65""                 "
"1"," ""75""                    "
"1","
"
"1"," [784]"
"1"," ""68.8976""               "
"1"," ""74""                    "
"1"," ""65""                    "
"1","
"
"1"," [787]"
"1"," ""5'4""                   "
"1"," ""5'8\""""                 "
"1"," ""5'5""                   "
"1","
"
"1"," [790]"
"1"," ""64""                    "
"1"," ""67""                    "
"1"," ""69""                    "
"1","
"
"1"," [793]"
"1"," ""5.8""                   "
"1"," ""67""                    "
"1"," ""68.8976""               "
"1","
"
"1"," [796]"
"1"," ""62.6""                  "
"1"," ""70""                    "
"1"," ""69""                    "
"1","
"
"1"," [799]"
"1"," ""65""                    "
"1"," ""63""                    "
"1"," ""67.3""                  "
"1","
"
"1"," [802]"
"1"," ""64.2""                  "
"1"," ""63""                    "
"1"," ""5.1""                   "
"1","
"
"1"," [805]"
"1"," ""67""                    "
"1"," ""5.11""                  "
"1"," ""61""                    "
"1","
"
"1"," [808]"
"1"," ""61""                    "
"1"," ""68.11""                 "
"1"," ""66.14""                 "
"1","
"
"1"," [811]"
"1"," ""67.5""                  "
"1"," ""60""                    "
"1"," ""5.7""                   "
"1","
"
"1"," [814]"
"1"," ""67.72""                 "
"1"," ""66""                    "
"1"," ""5'7""                   "
"1","
"
"1"," [817]"
"1"," ""70""                    "
"1"," ""5'6""                   "
"1"," ""64.5""                  "
"1","
"
"1"," [820]"
"1"," ""68""                    "
"1"," ""69""                    "
"1"," ""68""                    "
"1","
"
"1"," [823]"
"1"," ""5'11\""""                "
"1"," ""76""                    "
"1"," ""70.8661""               "
"1","
"
"1"," [826]"
"1"," ""66""                    "
"1"," ""67""                    "
"1"," ""71""                    "
"1","
"
"1"," [829]"
"1"," ""62.5""                  "
"1"," ""5'7\""""                 "
"1"," ""5'7""                   "
"1","
"
"1"," [832]"
"1"," ""172""                   "
"1"," ""60""                    "
"1"," ""67""                    "
"1","
"
"1"," [835]"
"1"," ""5'8""                   "
"1"," ""75""                    "
"1"," ""65""                    "
"1","
"
"1"," [838]"
"1"," ""65""                    "
"1"," ""64""                    "
"1"," ""62""                    "
"1","
"
"1"," [841]"
"1"," ""180""                   "
"1"," ""75""                    "
"1"," ""5' 11\""""               "
"1","
"
"1"," [844]"
"1"," ""67""                    "
"1"," ""72""                    "
"1"," ""5""                     "
"1","
"
"1"," [847]"
"1"," ""68""                    "
"1"," ""64""                    "
"1"," ""180""                   "
"1","
"
"1"," [850]"
"1"," ""180""                   "
"1"," ""6'1\""""                 "
"1"," ""75.4""                  "
"1","
"
"1"," [853]"
"1"," ""68""                    "
"1"," ""70""                    "
"1"," ""5.9""                   "
"1","
"
"1"," [856]"
"1"," ""63""                    "
"1"," ""5.2""                   "
"1"," ""73""                    "
"1","
"
"1"," [859]"
"1"," ""72""                    "
"1"," ""68""                    "
"1"," ""61""                    "
"1","
"
"1"," [862]"
"1"," ""60""                    "
"1"," ""5.5""                   "
"1"," ""63""                    "
"1","
"
"1"," [865]"
"1"," ""67""                    "
"1"," ""69\""""                  "
"1"," ""74""                    "
"1","
"
"1"," [868]"
"1"," ""68""                    "
"1"," ""70""                    "
"1"," ""73""                    "
"1","
"
"1"," [871]"
"1"," ""70""                    "
"1"," ""60""                    "
"1"," ""66""                    "
"1","
"
"1"," [874]"
"1"," ""68""                    "
"1"," ""5' 7\""""                "
"1"," ""65""                    "
"1","
"
"1"," [877]"
"1"," ""71""                    "
"1"," ""5'10''""                "
"1"," ""65""                    "
"1","
"
"1"," [880]"
"1"," ""72.8346""               "
"1"," ""5.51""                  "
"1"," ""5'10""                  "
"1","
"
"1"," [883]"
"1"," ""70""                    "
"1"," ""65""                    "
"1"," ""5'10""                  "
"1","
"
"1"," [886]"
"1"," ""70""                    "
"1"," ""67.7""                  "
"1"," ""62""                    "
"1","
"
"1"," [889]"
"1"," ""5ft 9 inches""          "
"1"," ""5 ft 9 inches""         "
"1"," ""5'2""                   "
"1","
"
"1"," [892]"
"1"," ""74""                    "
"1"," ""5'11""                  "
"1"," ""70""                    "
"1","
"
"1"," [895]"
"1"," ""64""                    "
"1"," ""73""                    "
"1"," ""70""                    "
"1","
"
"1"," [898]"
"1"," ""66""                    "
"1"," ""66""                    "
"1"," ""5.8""                   "
"1","
"
"1"," [901]"
"1"," ""62""                    "
"1"," ""66""                    "
"1"," ""64""                    "
"1","
"
"1"," [904]"
"1"," ""67""                    "
"1"," ""71""                    "
"1"," ""78""                    "
"1","
"
"1"," [907]"
"1"," ""69""                    "
"1"," ""5.7""                   "
"1"," ""70""                    "
"1","
"
"1"," [910]"
"1"," ""65""                    "
"1"," ""70""                    "
"1"," ""167""                   "
"1","
"
"1"," [913]"
"1"," ""71""                    "
"1"," ""68""                    "
"1"," ""67""                    "
"1","
"
"1"," [916]"
"1"," ""168""                   "
"1"," ""64""                    "
"1"," ""68""                    "
"1","
"
"1"," [919]"
"1"," ""60""                    "
"1"," ""64""                    "
"1"," ""73.2""                  "
"1","
"
"1"," [922]"
"1"," ""6""                     "
"1"," ""6.1""                   "
"1"," ""71""                    "
"1","
"
"1"," [925]"
"1"," ""72.44""                 "
"1"," ""67""                    "
"1"," ""71""                    "
"1","
"
"1"," [928]"
"1"," ""5'11''""                "
"1"," ""68.89""                 "
"1"," ""68.89""                 "
"1","
"
"1"," [931]"
"1"," ""5.69""                  "
"1"," ""178""                   "
"1"," ""182""                   "
"1","
"
"1"," [934]"
"1"," ""69""                    "
"1"," ""164""                   "
"1"," ""66""                    "
"1","
"
"1"," [937]"
"1"," ""68""                    "
"1"," ""70""                    "
"1"," ""70""                    "
"1","
"
"1"," [940]"
"1"," ""5'8\""""                 "
"1"," ""70.1""                  "
"1"," ""185""                   "
"1","
"
"1"," [943]"
"1"," ""6""                     "
"1"," ""86""                    "
"1"," ""72""                    "
"1","
"
"1"," [946]"
"1"," ""66""                    "
"1"," ""66""                    "
"1"," ""69""                    "
"1","
"
"1"," [949]"
"1"," ""66""                    "
"1"," ""78.74""                 "
"1"," ""5.7""                   "
"1","
"
"1"," [952]"
"1"," ""70""                    "
"1"," ""67""                    "
"1"," ""66""                    "
"1","
"
"1"," [955]"
"1"," ""70""                    "
"1"," ""708,661""               "
"1"," ""5.25""                  "
"1","
"
"1"," [958]"
"1"," ""72.8346""               "
"1"," ""67.7""                  "
"1"," ""72""                    "
"1","
"
"1"," [961]"
"1"," ""69""                    "
"1"," ""5.5""                   "
"1"," ""5 feet 6 inches""       "
"1","
"
"1"," [964]"
"1"," ""5'10''""                "
"1"," ""172""                   "
"1"," ""67""                    "
"1","
"
"1"," [967]"
"1"," ""6""                     "
"1"," ""5'8""                   "
"1"," ""69""                    "
"1","
"
"1"," [970]"
"1"," ""64.9""                  "
"1"," ""160""                   "
"1"," ""6'3\""""                 "
"1","
"
"1"," [973]"
"1"," ""69""                    "
"1"," ""64.96""                 "
"1"," ""649,606""               "
"1","
"
"1"," [976]"
"1"," ""10000""                 "
"1"," ""64.5""                  "
"1"," ""64""                    "
"1","
"
"1"," [979]"
"1"," ""65""                    "
"1"," ""70""                    "
"1"," ""5.1""                   "
"1","
"
"1"," [982]"
"1"," ""67""                    "
"1"," ""152""                   "
"1"," ""1""                     "
"1","
"
"1"," [985]"
"1"," ""67.5""                  "
"1"," ""180""                   "
"1"," ""70.86""                 "
"1","
"
"1"," [988]"
"1"," ""728,346""               "
"1"," ""175""                   "
"1"," ""70""                    "
"1","
"
"1"," [991]"
"1"," ""158""                   "
"1"," ""173""                   "
"1"," ""164""                   "
"1","
"
"1"," [994]"
"1"," ""6 04""                  "
"1"," ""169""                   "
"1"," ""0""                     "
"1","
"
"1"," [997]"
"1"," ""70""                    "
"1"," ""185""                   "
"1"," ""168""                   "
"1","
"
"1","[1000]"
"1"," ""5'9""                   "
"1","
"
"1"," [ reached getOption(""max.print"") -- omitted 95 entries ]
"
